wallet,risk_level,risk_score,bot_score,bot_classification,bot_confidence,is_wash_trading,wash_trading_flags,wash_flag_count,combined_threat
49E57yHPrZkswz8WPZM3bzDAdnDMeF862uJwzSrWeEDE,HIGH,65.5,0.31,HUMAN,LOW,True,"self_transfers,rapid_roundtrips,high_frequency_pairs,volume_concentration",4,HIGH
CX9yaoQw5YfpLH7Lamm5p2395ssKH2k3Gv8JDHL1vKM9,HIGH,64.5,0.29,HUMAN,LOW,True,"self_transfers,rapid_roundtrips,circular_patterns,volume_concentration",4,HIGH
EcYvkPYgTamFn9X5PS6mR7jKvUDnaM1Fgef75xKSzVXK,HIGH,64.5,0.29,HUMAN,LOW,True,"self_transfers,rapid_roundtrips,high_frequency_pairs,volume_concentration",4,HIGH
AjwhgcMpFXbqAuq6bafQjQU4pZ1URwXncv8CG8p7TQ1V,HIGH,63.5,0.27,HUMAN,LOW,True,"self_transfers,rapid_roundtrips,high_frequency_pairs,circular_patterns,volume_concentration",5,HIGH
5kHFC6PpvZAEkDYiRdPbASgkCrxXmUcQg3ffVLCRc1Z8,HIGH,63.5,0.27,HUMAN,LOW,True,"self_transfers,rapid_roundtrips,high_frequency_pairs,circular_patterns",4,HIGH
B4zFz9xh6z9Lh6A36Ftu1iVBkJxNx7e8YXNiU1jpXJi4,HIGH,63.5,0.27,HUMAN,LOW,True,"self_transfers,rapid_roundtrips,high_frequency_pairs,volume_concentration",4,HIGH
6M29vT5tHtUA52gkTSGZzbuKza381EA4S3C68LnqYqR5,HIGH,63.5,0.27,HUMAN,LOW,True,"self_transfers,rapid_roundtrips,high_frequency_pairs,volume_concentration",4,HIGH
DNVdvF5vv7P8fB54e2NynSibti1wD7tk4EvL3L4mm39C,HIGH,63.5,0.37,HUMAN,LOW,True,"self_transfers,rapid_roundtrips,high_frequency_pairs",3,HIGH
3Xmnbvn8jjz6gQ2ePcChEaELYE56mEW3WBTzLN88Y1QL,HIGH,63.5,0.27,HUMAN,LOW,True,"self_transfers,rapid_roundtrips,high_frequency_pairs,volume_concentration",4,HIGH
6hyvVS5shU6cFmqiKg5wUJcwdH2tWWBgwoGYu3DFbMHg,HIGH,63.5,0.27,HUMAN,LOW,True,"self_transfers,rapid_roundtrips,high_frequency_pairs,volume_concentration",4,HIGH
DKCBVPrQveWPotYX6L7z2QCvm2DEBW6ZXsYGmYZiqSCf,HIGH,63.5,0.37,HUMAN,LOW,True,"self_transfers,rapid_roundtrips,high_frequency_pairs",3,HIGH
5QNqGvoxULkKB9Xe3tqDp6sGWp4VnALymgvoJJzK4NGo,HIGH,63.5,0.27,HUMAN,LOW,True,"self_transfers,rapid_roundtrips,high_frequency_pairs,volume_concentration",4,HIGH
9zrhEqriQEu73d4C1ytf2wncEyZZxTtcn5MgsLaX2r8P,HIGH,63.5,0.37,HUMAN,LOW,True,"self_transfers,rapid_roundtrips,high_frequency_pairs",3,HIGH
7dCRvvfwNutphV8tqNwmn7pSWFG7qpa66CEn9ynSpP8w,HIGH,60.5,0.21000000000000002,HUMAN,LOW,True,"self_transfers,rapid_roundtrips,high_frequency_pairs,volume_concentration",4,HIGH
8q8t9JB5xDyHR8YAqX3fvD4AEoyD2XVMhKrRhKNtjijv,HIGH,60.5,0.21000000000000002,HUMAN,LOW,True,"self_transfers,rapid_roundtrips,high_frequency_pairs,volume_concentration",4,HIGH
2i2pqY5eoHkoSiorPU8TGsgYLfZH5GvynqsyGRDzDYcV,HIGH,60.5,0.21000000000000002,HUMAN,LOW,True,"self_transfers,rapid_roundtrips,high_frequency_pairs,volume_concentration",4,HIGH
7br9E7mh9ficpQ4ro6jSv2Ag4hwTwamGLq3kyrLh6ohu,HIGH,60.5,0.21000000000000002,HUMAN,LOW,True,"self_transfers,rapid_roundtrips,high_frequency_pairs,volume_concentration",4,HIGH
AmsZpBbBsm2zbRFpc3b6gUs9TQ4gXVhTVb5zGJGvFQbU,HIGH,60.5,0.21000000000000002,HUMAN,LOW,True,"self_transfers,rapid_roundtrips,high_frequency_pairs,volume_concentration",4,HIGH
HwF9211yQZtPczhCapLqFHQREDPeEzDWrgAL2eURWcYk,HIGH,59.5,0.29,HUMAN,LOW,True,"self_transfers,rapid_roundtrips,high_frequency_pairs",3,HIGH
9FUN4P5bov5jSpHJhuLYDkSdHAPrAnE78DR6KbU4wdaW,HIGH,59.5,0.29,HUMAN,LOW,True,"self_transfers,rapid_roundtrips,high_frequency_pairs",3,HIGH
CFf62BDJuc8dhQ4mMVdNLwZwiGTapSYQ5z3X8xr4LmY9,HIGH,59.5,0.29,HUMAN,LOW,True,"self_transfers,rapid_roundtrips,high_frequency_pairs",3,HIGH
9i9HDYwK57DJWrMVhBxSUQNRjDCFffmttw2LyF4oujZC,HIGH,59.5,0.29,HUMAN,LOW,True,"self_transfers,rapid_roundtrips,high_frequency_pairs",3,HIGH
5m5FtsZyyXL5GusTxx2pYjTxYFiR1zCy6jMkBnMQU7EN,HIGH,59.5,0.29,HUMAN,LOW,True,"self_transfers,rapid_roundtrips,high_frequency_pairs",3,HIGH
29gVLfks21LAqZaJ9naiTQy9P6ybBvLW2XrshXESg7Cy,HIGH,59.5,0.29,HUMAN,LOW,True,"self_transfers,rapid_roundtrips,high_frequency_pairs",3,HIGH
Fq5JoJ6TwHwcVoCVZv34iYBSUcsazVBp7nuBwjJo1pUR,HIGH,59.5,0.29,HUMAN,LOW,True,"self_transfers,rapid_roundtrips,high_frequency_pairs",3,HIGH
GfrgQWgdA2J4tN19u6Cwd1F7GyYkbjGKwUfWyQJSgQSU,HIGH,59.5,0.29,HUMAN,LOW,True,"self_transfers,rapid_roundtrips,high_frequency_pairs",3,HIGH
FmPgfNXwN31BTgryUWe9RKUJCQDXjmppMgqmdFYELrog,HIGH,59.5,0.29,HUMAN,LOW,True,"self_transfers,rapid_roundtrips,high_frequency_pairs",3,HIGH
Arc4ACw1FEvbaw2vsTngT5mxtE211P9b4DT4xsdD8aUY,HIGH,58.5,0.27,HUMAN,LOW,True,"self_transfers,rapid_roundtrips,high_frequency_pairs",3,HIGH
99uk1Wt3Ed7m8YhbyUwJhLpyWSSu6y6GrChBcqPB1ZwE,HIGH,58.5,0.27,HUMAN,LOW,True,"self_transfers,rapid_roundtrips,high_frequency_pairs",3,HIGH
4cro8bLPZUo6DtaEZQLcmwmJfkUWHjHHdLDCkqwmqJCR,HIGH,58.5,0.27,HUMAN,LOW,True,"self_transfers,rapid_roundtrips,high_frequency_pairs",3,HIGH
H3dzcHK6ocjZRHFVEz6Zpc6kbK3UH17NaehKwG86fvNX,HIGH,58.5,0.27,HUMAN,LOW,True,"self_transfers,rapid_roundtrips,high_frequency_pairs",3,HIGH
4qugb6ndWoEjqAKzGbGhgwtgJmbY3gRmPmfsc5bJJxrt,HIGH,58.5,0.27,HUMAN,LOW,True,"self_transfers,rapid_roundtrips,high_frequency_pairs",3,HIGH
ATjCEJo84U2HLUWMLMRAM59JHpf4T3zBf974TCFBRWB5,HIGH,58.5,0.27,HUMAN,LOW,True,"self_transfers,rapid_roundtrips,high_frequency_pairs",3,HIGH
HFrjo7evmZxJ7aBrYzVoomprYyaAcRHMdwHd5tyrqiJ,HIGH,58.5,0.27,HUMAN,LOW,True,"self_transfers,rapid_roundtrips,high_frequency_pairs",3,HIGH
6XKWngXXZd8pdRB8qEVh2NNc3q9QjuxAGUyVhH4vXSSd,HIGH,58.5,0.27,HUMAN,LOW,True,"self_transfers,rapid_roundtrips,high_frequency_pairs",3,HIGH
G4wLSGrU9EtYK7UmwNzS7ku1iKnSpNJvxPGFDazjusfX,HIGH,58.5,0.27,HUMAN,LOW,True,"self_transfers,rapid_roundtrips,high_frequency_pairs",3,HIGH
51fhgUZoGjMWLZs6CN1PiFDzpxLHD7yVapov4beQUckz,HIGH,58.5,0.27,HUMAN,LOW,True,"self_transfers,rapid_roundtrips,high_frequency_pairs",3,HIGH
ETp6Bv6JaGG3vWm6Wgstm2W47NzPZKDGZEAdn5P1pFR2,HIGH,58.5,0.27,HUMAN,LOW,True,"self_transfers,rapid_roundtrips,high_frequency_pairs",3,HIGH
32tc6Ypt6K8aeNFbPKesyig4UxmfvTuXbxi6RGnofQwr,HIGH,58.5,0.27,HUMAN,LOW,True,"self_transfers,rapid_roundtrips,high_frequency_pairs",3,HIGH
9BrHN7cfjLzvGJsGkLHy89gxu4jxELNa6KqEZ5tBNT4F,HIGH,58.5,0.27,HUMAN,LOW,True,"self_transfers,rapid_roundtrips,high_frequency_pairs",3,HIGH
9uTKT96PWUC1f9XcXYNFTUJi9NsGcFTDiPeXDgvZ3Gqw,HIGH,58.5,0.27,HUMAN,LOW,True,"self_transfers,rapid_roundtrips,high_frequency_pairs",3,HIGH
12JGcFAWj3Ruxnv97Sfcy4GDytjuizAPKyNx2EFfRafQ,HIGH,58.5,0.27,HUMAN,LOW,True,"self_transfers,rapid_roundtrips,high_frequency_pairs",3,HIGH
2M78RpsVYtqm1G5DgkvuBVu8nbmbKnARCSSKct5M7TFb,HIGH,58.5,0.27,HUMAN,LOW,True,"self_transfers,rapid_roundtrips,high_frequency_pairs",3,HIGH
3QEmytRpngHgbco3HuZKsBa85Y4ffBzYy6YLeZw2umqS,HIGH,58.5,0.27,HUMAN,LOW,True,"self_transfers,rapid_roundtrips,high_frequency_pairs",3,HIGH
BodcopG1PYKtwhSDZy1Mm1GSbePz1qMou8RaDu64UkWb,HIGH,58.5,0.27,HUMAN,LOW,True,"self_transfers,rapid_roundtrips,high_frequency_pairs",3,HIGH
8dovvw3MudXnXFZFfBar2GZMeqmo2pRdQFPEfci1NZLT,HIGH,55.5,0.21000000000000002,HUMAN,LOW,True,"self_transfers,rapid_roundtrips,high_frequency_pairs",3,HIGH
Huqp3NwsvLR7hKC2Vvgus5aVYHYKe1ReRFZYoCHoSPkF,HIGH,55.5,0.21000000000000002,HUMAN,LOW,True,"self_transfers,rapid_roundtrips,high_frequency_pairs",3,HIGH
5VuBttvjzgpF1c7KHtG6R4ibvTLB7FS9hGgajbC7dfoF,HIGH,55.5,0.21000000000000002,HUMAN,LOW,True,"self_transfers,rapid_roundtrips,high_frequency_pairs",3,HIGH
6Sjw3Q6N39JanHzrr23SYAhuid7QxzDFQpE7jfzwxf7H,HIGH,55.5,0.21000000000000002,HUMAN,LOW,True,"self_transfers,rapid_roundtrips,high_frequency_pairs",3,HIGH
E2vqiyfxr3adNLLPeSY6ScdDHU8LyFCg9sHoQtYAQsDw,HIGH,55.5,0.21000000000000002,HUMAN,LOW,True,"self_transfers,rapid_roundtrips,high_frequency_pairs",3,HIGH
2Gzc1nYRsC3FLzuSb2aA1p7Y2y2caFgQhwKtZpN3Cxfn,HIGH,55.5,0.21000000000000002,HUMAN,LOW,True,"self_transfers,rapid_roundtrips,high_frequency_pairs",3,HIGH
2GJrG2suLx3rcPbR9KSn4ETV9MPNQccwvs7J3PkEKZQv,HIGH,55.5,0.21000000000000002,HUMAN,LOW,True,"self_transfers,rapid_roundtrips,high_frequency_pairs",3,HIGH
4qVr8knLKd4JLzdJ8XENaAABTopHVf3uest8kCuTWgK2,HIGH,55.5,0.21000000000000002,HUMAN,LOW,True,"self_transfers,rapid_roundtrips,high_frequency_pairs",3,HIGH
7Q7toy3S5PjcGEk2pvuXSp4k8ApkCTQkL6Wqr2GKgNNf,HIGH,55.5,0.21000000000000002,HUMAN,LOW,True,"self_transfers,rapid_roundtrips,high_frequency_pairs",3,HIGH
DWRFK9HsuFh8KAzx6U1iC3CYy8GuoxHUWUrY3NCyS1Rw,HIGH,55.5,0.21000000000000002,HUMAN,LOW,True,"self_transfers,rapid_roundtrips,high_frequency_pairs",3,HIGH
A3AAJvYUg1n9bjH4SoaAJaafUApdCzTHwaP3SpC7fvLj,HIGH,55.5,0.21000000000000002,HUMAN,LOW,True,"self_transfers,rapid_roundtrips,high_frequency_pairs",3,HIGH
HnwYnEzxApWceGdNSM5VA9jAdmsND8uumsBEYEFymgAR,HIGH,55.5,0.21000000000000002,HUMAN,LOW,True,"self_transfers,rapid_roundtrips,high_frequency_pairs",3,HIGH
AJosrJETCn999PDB1z3uRxXt3K8uxpgA3ENaDNPaCnrJ,HIGH,55.5,0.21000000000000002,HUMAN,LOW,True,"self_transfers,rapid_roundtrips,high_frequency_pairs",3,HIGH
Fkwf47FYnKwhVzUMUE4akHAFQX9sEqy5KqSgTMkJhbnv,HIGH,55.5,0.21000000000000002,HUMAN,LOW,True,"self_transfers,rapid_roundtrips,high_frequency_pairs",3,HIGH
9qSNjEeDTFwUbUBqyuScXoRH68ZCW8sprcAEt1Jjx68i,HIGH,55.5,0.21000000000000002,HUMAN,LOW,True,"self_transfers,rapid_roundtrips,high_frequency_pairs",3,HIGH
6VKVCekpzwr5tHqhALvTtYnHDsbm9CQoDZTfv8BWqVqD,HIGH,55.5,0.21000000000000002,HUMAN,LOW,True,"self_transfers,rapid_roundtrips,high_frequency_pairs",3,HIGH
9TrpzYE72rWPsdebzPfefCow6vWxqHMtDaURM8R7jVF7,HIGH,55.5,0.21000000000000002,HUMAN,LOW,True,"self_transfers,rapid_roundtrips,high_frequency_pairs",3,HIGH
6AnZkPVzhjsa32Uy6munsxp8tudjWnbZ2RANm7EeuYNV,HIGH,55.5,0.21000000000000002,HUMAN,LOW,True,"self_transfers,rapid_roundtrips,high_frequency_pairs",3,HIGH
CMocbKMJEZ3jJp1VBN9ZL19wNe1rHKeTizRTx3RUvTLQ,MEDIUM,49.5,0.38999999999999996,HUMAN,LOW,True,"self_transfers,rapid_roundtrips",2,HIGH
BZaieJDF9ES3fddn32n4HqY4bMvbxSxYy8Qdz9v1itSd,MEDIUM,48.5,0.37,HUMAN,LOW,True,"self_transfers,rapid_roundtrips",2,HIGH
2xs1wHeVF2B31vbmDoQ3ALZdAFxgnY1eYAFRKnhupnh9,MEDIUM,47.5,0.05,HUMAN,LOW,True,"self_transfers,rapid_roundtrips,high_frequency_pairs",3,HIGH
73dNwo6Coq2sjXdhW2ck9oky2tzSCMSTEU8SCzkKAuWk,MEDIUM,47.5,0.05,HUMAN,LOW,True,"self_transfers,rapid_roundtrips,high_frequency_pairs",3,HIGH
5aQc8JNCrXeMnkeBu7rtWudJu8X83xfWPU7baEND4DKN,MEDIUM,47.5,0.05,HUMAN,LOW,True,"self_transfers,rapid_roundtrips,high_frequency_pairs",3,HIGH
2JniwPvuUzdssEDMvsX2GSBL82LvFadPwBhr8Tmxj4uJ,MEDIUM,45.5,0.31,HUMAN,LOW,True,"self_transfers,rapid_roundtrips",2,HIGH
3H6sS7tYGxFtXppToKekx2nWLuRePpJdsttavZfL3cAz,MEDIUM,45.5,0.31,HUMAN,LOW,True,"self_transfers,rapid_roundtrips",2,HIGH
4sLmGN3xSBNKuLsv8iAzQ5Uzy4hsAYC4uCezcP2hA7Ny,MEDIUM,45.5,0.31,HUMAN,LOW,True,"self_transfers,rapid_roundtrips",2,HIGH
9gcYBpao4aT4KZ6JS4vqm6r3JbrXecTFTM6Nue5UEHsc,MEDIUM,44.5,0.29,HUMAN,LOW,True,"self_transfers,rapid_roundtrips",2,HIGH
BPnYYYfLKjkMfDELxKfm2Mo4KRP6xSyoGoQi2kabGvT9,MEDIUM,44.5,0.29,HUMAN,LOW,True,"self_transfers,rapid_roundtrips",2,HIGH
HrKcB49cAQHEAuWbVvwSNNFK99NpywbcfE568a4SyPUV,MEDIUM,44.5,0.29,HUMAN,LOW,True,"self_transfers,rapid_roundtrips",2,HIGH
5DwDFwKNB6eUXhLTKqx799Pr9BPTDDFeSD1Hadj4Ckwf,MEDIUM,44.5,0.29,HUMAN,LOW,True,"self_transfers,rapid_roundtrips",2,HIGH
7zw6nRhFqMj8uAvFqoTnCJi8ZPTJqWJJxpMvzk5AZpwW,MEDIUM,44.5,0.29,HUMAN,LOW,True,"self_transfers,rapid_roundtrips",2,HIGH
8SFs9gW86nzxFmpf6PAx5iwSLBsVT4HV1GrmLZVNYKpm,MEDIUM,44.5,0.29,HUMAN,LOW,True,"self_transfers,rapid_roundtrips",2,HIGH
D5kDb4JAp1VjyoTahvU2uoMb5xFJcVroTvuuTJ8NjxcK,MEDIUM,44.5,0.29,HUMAN,LOW,True,"self_transfers,rapid_roundtrips",2,HIGH
9roW5TTTpoV1GPN9tZPBfSNHPEfC6SHTxHhHFjAck7BT,MEDIUM,44.5,0.29,HUMAN,LOW,True,"self_transfers,rapid_roundtrips",2,HIGH
NjGjv892W23KEkF9TdUSzYPeEfSMEQBXVkCAWxiWata,MEDIUM,44.5,0.29,HUMAN,LOW,True,"self_transfers,rapid_roundtrips",2,HIGH
7ngDmr3WF1FesLnKdWQFZbZaxcEcdVk5YVKR6z5aV1GK,MEDIUM,43.5,0.27,HUMAN,LOW,True,"self_transfers,rapid_roundtrips",2,HIGH
7XjpQTwpaQbR4x7UHA9PCNmJqdhpd1o91U821msvtSFc,MEDIUM,43.5,0.27,HUMAN,LOW,True,"circular_patterns,volume_concentration",2,HIGH
9AxAnZhDLWaDayPEYd4PAuLCtVh8U5ew6Uwz2cvnF9vn,MEDIUM,40.5,0.21000000000000002,HUMAN,LOW,True,"self_transfers,rapid_roundtrips",2,HIGH
31SSY5Cy7Ba7qLc2gYSp8ZGY6NEj2X5T1Kpi99B4Ljij,MEDIUM,40.5,0.21000000000000002,HUMAN,LOW,True,"self_transfers,rapid_roundtrips",2,HIGH
FDsbrW1HcfmCZdKqfUEvHD4QSeoAjphe1TCAS5NDS18k,MEDIUM,40.5,0.21000000000000002,HUMAN,LOW,True,"self_transfers,rapid_roundtrips",2,HIGH
CECA7nkFAqhXnLDdFUWLWLAPwUvyxyFpKpSmrJijHjcQ,MEDIUM,40.5,0.21000000000000002,HUMAN,LOW,True,"self_transfers,rapid_roundtrips",2,HIGH
9wq4zKQSNzWoxNninp91knbbfZD9c1QyEgxGj59KUNR6,MEDIUM,40.5,0.21000000000000002,HUMAN,LOW,True,"self_transfers,rapid_roundtrips",2,HIGH
3SKcCo3gT61pULUUj1g73JHctrF7eMF4XAYvVaffQYML,MEDIUM,40.5,0.21000000000000002,HUMAN,LOW,True,"self_transfers,rapid_roundtrips",2,HIGH
7cz2M72acYWF9iisYGr3fhRxuQm78BropXN5Z94cGGvy,MEDIUM,40.5,0.21000000000000002,HUMAN,LOW,True,"self_transfers,rapid_roundtrips",2,HIGH
EeW7nTMNqGZP7RT2UoKPGf18yPM3vJy521SC6FyDynFi,MEDIUM,40.5,0.21000000000000002,HUMAN,LOW,True,"self_transfers,rapid_roundtrips",2,HIGH
H4zUw9kSsWGTNjbwkPNbmGJd4ro8Wsqu3xfjnEABH4cg,MEDIUM,40.5,0.21000000000000002,HUMAN,LOW,True,"self_transfers,rapid_roundtrips",2,HIGH
HH59nJrXCYPRNiwrfR2N3dgX6t4j4vv9irCGaRqV6a5J,MEDIUM,40.5,0.21000000000000002,HUMAN,LOW,True,"self_transfers,rapid_roundtrips",2,HIGH
7wiJ5zm1wouLz88zM6BzCFLiJMg6uqnHqbARYxJNiPzo,MEDIUM,40.5,0.21000000000000002,HUMAN,LOW,True,"self_transfers,rapid_roundtrips",2,HIGH
2xiEaiP7t5q4jjyHwpQ2ndRHesBcwPuP6AJw7CSUDER8,MEDIUM,40.5,0.21000000000000002,HUMAN,LOW,True,"self_transfers,rapid_roundtrips",2,HIGH
FhSNwBCcz3td7dkFQ78HaRKqC7qUpQYZQAND7JrLhYbM,MEDIUM,40.5,0.21000000000000002,HUMAN,LOW,True,"self_transfers,rapid_roundtrips",2,HIGH
Fi6DwpSDuN3ndFiDjSJJdJaCnABrSzbPcL7jYHqAWpxw,MEDIUM,40.5,0.21000000000000002,HUMAN,LOW,True,"self_transfers,rapid_roundtrips",2,HIGH
8H1eyvTpptP2QKH7D6bzMnu4PXYNEguFWQLpjNcd5DDz,MEDIUM,40.5,0.21000000000000002,HUMAN,LOW,True,"self_transfers,rapid_roundtrips",2,HIGH
378JtaroydvcdBt5tAy6LuhkoF1X9A4WcuJnWr96zxdS,MEDIUM,40.5,0.21000000000000002,HUMAN,LOW,True,"self_transfers,rapid_roundtrips",2,HIGH
J2QURmDeQsJQnhXfdrAxCXGsZDKSobvNLqXNTd2L6SzM,MEDIUM,40.5,0.21000000000000002,HUMAN,LOW,True,"self_transfers,rapid_roundtrips",2,HIGH
DPnAEaVrHVDh1PT92SwHQsRRpUVdh9A5fVEje9BeJGGo,MEDIUM,40.5,0.21000000000000002,HUMAN,LOW,True,"self_transfers,rapid_roundtrips",2,HIGH
GTgSHGKMSLHi58XxTfDv2sf7DnLGwMoRWJNKyRHWdd3i,MEDIUM,40.5,0.21000000000000002,HUMAN,LOW,True,"self_transfers,rapid_roundtrips",2,HIGH
GtN2Vmt6gYzzEd9YpeAa58KSC9TiGqF333KDxq4dxF92,MEDIUM,40.5,0.21000000000000002,HUMAN,LOW,True,"self_transfers,rapid_roundtrips",2,HIGH
CDmcTM77SVKLN3ANy7Z7bKbePX6EHD6u13cePmbDoL9A,MEDIUM,40.5,0.21000000000000002,HUMAN,LOW,True,"self_transfers,rapid_roundtrips",2,HIGH
2G6UCfjgzWaxo4rqPnVeYgbKpCbH8ajwDPLWRGeThWNZ,MEDIUM,40.5,0.21000000000000002,HUMAN,LOW,True,"self_transfers,rapid_roundtrips",2,HIGH
Frv8UCNDvnYtvTEXPDPYGRa8x2qV6q4bPm6vnBCycMVQ,MEDIUM,40.5,0.21000000000000002,HUMAN,LOW,True,"self_transfers,rapid_roundtrips",2,HIGH
6qKz8ciKr3Arngjabaiccpj8LRSnuspzW1nbcuCLz2ND,MEDIUM,40.5,0.21000000000000002,HUMAN,LOW,True,"self_transfers,rapid_roundtrips",2,HIGH
zyzwgohgMciFiDiiwv13cMAykgrdjsDYj3M1Eq2fups,MEDIUM,40.5,0.21000000000000002,HUMAN,LOW,True,"self_transfers,rapid_roundtrips",2,HIGH
J5ECbPQR6iUUxgZXVG4H9BLzfL8BzaHAxU2r2AgoSHJs,MEDIUM,40.5,0.21000000000000002,HUMAN,LOW,True,"self_transfers,rapid_roundtrips",2,HIGH
7bFw6vscMCq2PCLqP14YrqVRL2b5YfeRKsdQeyGuYpzo,MEDIUM,40.5,0.21000000000000002,HUMAN,LOW,True,"self_transfers,rapid_roundtrips",2,HIGH
4vTiDGRzwKXivacNBYFCRWN6DRheSDta4UHZNVnhE8xr,MEDIUM,40.5,0.21000000000000002,HUMAN,LOW,True,"self_transfers,rapid_roundtrips",2,HIGH
6cDu52TbcdLQMmqVvNxBJ767rwRhhBtjSHoQbUWeYwwZ,MEDIUM,40.5,0.21000000000000002,HUMAN,LOW,True,"self_transfers,rapid_roundtrips",2,HIGH
9hF438BMsxkazAM58TQ5JQYkjM37F1n4tUWzXkErFzRs,MEDIUM,40.5,0.21000000000000002,HUMAN,LOW,True,"self_transfers,rapid_roundtrips",2,HIGH
FjWBEvuu76yiGipg1DvGdve22UiqSatEfUTyEoRvDUtW,MEDIUM,40.5,0.21000000000000002,HUMAN,LOW,True,"self_transfers,rapid_roundtrips",2,HIGH
GRR2LYzZjShuRfUUdd8uMt3i8wthp2s63wkBpzxq5vow,MEDIUM,40.5,0.21000000000000002,HUMAN,LOW,True,"self_transfers,rapid_roundtrips",2,HIGH
8ripvkYQ2T4VFa8KYzp7FrUXW1UcWivLcfbf9kcS54vq,MEDIUM,40.5,0.21000000000000002,HUMAN,LOW,True,"self_transfers,rapid_roundtrips",2,HIGH
BC3sFx9e6dSPMyJ9ZEKfRGpCmbzQywgkknV32VkXu6nm,MEDIUM,40.5,0.21000000000000002,HUMAN,LOW,True,"self_transfers,rapid_roundtrips",2,HIGH
41sixM7gb3B1YZt9TrP6K4DGVeLCGCDNuTEgyMTrYQMx,MEDIUM,40.5,0.21000000000000002,HUMAN,LOW,True,"self_transfers,rapid_roundtrips",2,HIGH
B7wCkcF889vEj8Gi7N482tLABzQXSSkjFXu7mPme1WvS,MEDIUM,40.5,0.21000000000000002,HUMAN,LOW,True,"self_transfers,rapid_roundtrips",2,HIGH
6neAdhjsLrdaE627HDCWDaMtZNS5QeTy8G2saKxhZCHE,MEDIUM,40.5,0.21000000000000002,HUMAN,LOW,True,"self_transfers,rapid_roundtrips",2,HIGH
33HA2ViaR6bJmtpgsvycH4FA3cFBUoPcNpvjrfGNbreW,MEDIUM,40.5,0.21000000000000002,HUMAN,LOW,True,"self_transfers,rapid_roundtrips",2,HIGH
4x8ofp2tm4s5WWHdmT1pquALoNCrske2TUavAAMjhprK,MEDIUM,40.5,0.21000000000000002,HUMAN,LOW,True,"self_transfers,rapid_roundtrips",2,HIGH
s3mV6p7fT7GNDv7py3pdHNZEzG82G3tnM3VB9bXjqKc,MEDIUM,40.5,0.21000000000000002,HUMAN,LOW,True,"self_transfers,rapid_roundtrips",2,HIGH
8V3ZVS2KJnxbcAbWLLgrLgMiqErDHdiUsXfYAA4BDSxc,MEDIUM,40.5,0.21000000000000002,HUMAN,LOW,True,"self_transfers,rapid_roundtrips",2,HIGH
7NfnLXe964Za3nYy7t7T63VrTKaAEAarW85Te5ZSTUnr,MEDIUM,40.5,0.21000000000000002,HUMAN,LOW,True,"self_transfers,rapid_roundtrips",2,HIGH
DNgWrH8Py1Q3SCwbiVVS4QtMeB93ZStmKQnAjsSpbbuN,MEDIUM,40.5,0.21000000000000002,HUMAN,LOW,True,"self_transfers,rapid_roundtrips",2,HIGH
FnEHh32sp1Z4YE8ESwV1Fjrouy4a7b9f4JSfbixzy8wi,MEDIUM,40.5,0.21000000000000002,HUMAN,LOW,True,"self_transfers,rapid_roundtrips",2,HIGH
4Q69DVTdewshnrkNSdWFAKNzo591hYtAG2WMrTTUJ1Zg,MEDIUM,40.5,0.21000000000000002,HUMAN,LOW,True,"self_transfers,rapid_roundtrips",2,HIGH
DcFRcec6sGyYB7nDGe72BksM6Cv5zLZKmZkJAQvmoVn2,MEDIUM,40.5,0.21000000000000002,HUMAN,LOW,True,"self_transfers,rapid_roundtrips",2,HIGH
CUEkiwdEFEupRmDPk79w2wXevuRTAR3UAEymnocjLt6d,MEDIUM,40.5,0.21000000000000002,HUMAN,LOW,True,"self_transfers,rapid_roundtrips",2,HIGH
6RmaAMMThiBxmqLZA7Vwr64sZTcCVCGt1jazyar9ngdC,MEDIUM,40.5,0.21000000000000002,HUMAN,LOW,True,"self_transfers,rapid_roundtrips",2,HIGH
7qzu4kZ2UU8KxgAGpXUWNtncDWJtFCMAqhQVhh52WLFc,MEDIUM,40.5,0.21000000000000002,HUMAN,LOW,True,"self_transfers,rapid_roundtrips",2,HIGH
CV87JSt2kFFMEQQDy915xiPZ55WrVB61vPwWG35JJTQ9,MEDIUM,40.5,0.21000000000000002,HUMAN,LOW,True,"self_transfers,rapid_roundtrips",2,HIGH
De1UndxdCcodgFkE1LCYHkmkXrybsvxZxMEMwYGW2HHs,MEDIUM,40.5,0.21000000000000002,HUMAN,LOW,True,"self_transfers,rapid_roundtrips",2,HIGH
CFrP7w5wC9bodxVYkTz1yNhfcuBefim5MbdvEhtRckrs,MEDIUM,40.5,0.21000000000000002,HUMAN,LOW,True,"self_transfers,rapid_roundtrips",2,HIGH
GS7TsurxkwHJaFNinyMFtbCGG8LNpAVcBr1BcmaPWvjU,MEDIUM,40.5,0.21000000000000002,HUMAN,LOW,True,"self_transfers,rapid_roundtrips",2,HIGH
CosRXy7qHx6Ehek1WtxTbhRDbdhAKPboGi9A1RvW53jP,MEDIUM,40.5,0.21000000000000002,HUMAN,LOW,True,"self_transfers,rapid_roundtrips",2,HIGH
4XJWC7iRWKyW1meLYcacGyBGUVbesWrhzuVtMGxWbtEp,MEDIUM,40.5,0.21000000000000002,HUMAN,LOW,True,"self_transfers,rapid_roundtrips",2,HIGH
DoaSSDkiBaEcidKgzVJDyTGCRThndQMfNewwU8XeTB5C,MEDIUM,40.5,0.21000000000000002,HUMAN,LOW,True,"self_transfers,rapid_roundtrips",2,HIGH
5ePdTN9n8eMrWLAEqCCUzppFqdYjWcaaqkx54jHhp3xo,MEDIUM,40.5,0.21000000000000002,HUMAN,LOW,True,"self_transfers,rapid_roundtrips",2,HIGH
8yx1TKyV2Hvq5vW8EKhmurVbiXKTuee9Ua7zsYRybobZ,MEDIUM,40.5,0.21000000000000002,HUMAN,LOW,True,"self_transfers,rapid_roundtrips",2,HIGH
s11uDnm1pfu9oYARhAcJ7rxcC8cmy3oxgCSrbHXK3Zb,MEDIUM,40.5,0.21000000000000002,HUMAN,LOW,True,"self_transfers,rapid_roundtrips",2,HIGH
FP63pWGHKnEiuxktLWVxubfWMoHEm5u86tPZGM6KF9iT,MEDIUM,40.5,0.21000000000000002,HUMAN,LOW,True,"self_transfers,rapid_roundtrips",2,HIGH
GAACDjMPv23eNmACWanunP1hmSxGVbpgeUdD6EvcmJWp,MEDIUM,40.5,0.21000000000000002,HUMAN,LOW,True,"self_transfers,rapid_roundtrips",2,HIGH
CF5DpvM4rYetVxmTYUcovpc1NpXzgU7MEKLoApJaqTCq,MEDIUM,40.5,0.21000000000000002,HUMAN,LOW,True,"self_transfers,rapid_roundtrips",2,HIGH
7zicqiXBPy55AASu7vn7kEfpVfjN4LdXHpQpAv3kM1Eg,MEDIUM,40.5,0.21000000000000002,HUMAN,LOW,True,"self_transfers,rapid_roundtrips",2,HIGH
DEGWWcTVi6X17jXJ3dbkNyLXKtKeRuyssXyVxuQQg3wf,MEDIUM,40.5,0.21000000000000002,HUMAN,LOW,True,"self_transfers,rapid_roundtrips",2,HIGH
8XfAcpBx4eYQMxV7Jmi2SMqTQmxESVLnJMMFE8TfTT7X,MEDIUM,40.5,0.21000000000000002,HUMAN,LOW,True,"self_transfers,rapid_roundtrips",2,HIGH
GpsFNwMw92ZSi3kLQ1iaRXgSsEUpnBXPYbfSg7SK6DHN,MEDIUM,40.5,0.21000000000000002,HUMAN,LOW,True,"self_transfers,rapid_roundtrips",2,HIGH
635fRc9FuaWso3ToAq6ZWNwGHu6ELfsRAFJg5MyJQno,MEDIUM,40.5,0.21000000000000002,HUMAN,LOW,True,"self_transfers,rapid_roundtrips",2,HIGH
7GfBdewmzbeb9Hkbg7puu3qxf4Ld6jno2DbgE7AyB2C1,MEDIUM,40.5,0.21000000000000002,HUMAN,LOW,True,"self_transfers,rapid_roundtrips",2,HIGH
9kMTVGqb1Ar3hqvWFmHLxyZhkWUkNnvzadZQJmy3ZWF7,MEDIUM,40.5,0.21000000000000002,HUMAN,LOW,True,"self_transfers,rapid_roundtrips",2,HIGH
AcacaQ7ZJBYde28zPqGqhDydE8tUqKb83WK8GSAq6yfL,MEDIUM,40.5,0.21000000000000002,HUMAN,LOW,True,"self_transfers,rapid_roundtrips",2,HIGH
Cz8JG3GvkJLUXi6q7pqrZF8X9Yd9599nsDaV4Jti77Zs,MEDIUM,40.5,0.21000000000000002,HUMAN,LOW,True,"self_transfers,rapid_roundtrips",2,HIGH
EJ1VoSx5WG1Qb8gL6LdbpsG8bE6y8kY1yvvvDisa2qgx,MEDIUM,40.5,0.21000000000000002,HUMAN,LOW,True,"self_transfers,rapid_roundtrips",2,HIGH
GW6rXod4RnQozstsAwMQMmWZSqvr3G9NnzDsMg732TQj,MEDIUM,40.5,0.21000000000000002,HUMAN,LOW,True,"self_transfers,rapid_roundtrips",2,HIGH
FHjXUnVhPfhwKHjstA73YQhQYHxxQmWeLzn8sUnuSkwd,MEDIUM,40.5,0.21000000000000002,HUMAN,LOW,True,"self_transfers,rapid_roundtrips",2,HIGH
FftSabUuee1Vc9eEZBKNhymGCp8QDpnizLteJ7JSqWru,MEDIUM,32.5,0.05,HUMAN,LOW,True,"self_transfers,rapid_roundtrips",2,HIGH
FGwSqhBjwvyZCjgpiH5qaGdkkd8ddnKCUdAkUr6L9eSX,MEDIUM,32.5,0.05,HUMAN,LOW,True,"self_transfers,rapid_roundtrips",2,HIGH
Es5dKMVKuWN3WiSk4gUdmJpiUUSfveeSKHvZGeMY6xhy,MEDIUM,32.5,0.05,HUMAN,LOW,True,"self_transfers,rapid_roundtrips",2,HIGH
A8nLEdtAKFGSCQg7Wx6ZuToKqXvLoPMbLSynuEFCDJmN,MEDIUM,32.5,0.05,HUMAN,LOW,True,"self_transfers,rapid_roundtrips",2,HIGH
5ESgALF5Ysz2CFX3nCyDoRdhbLBoEekK9HZr4JAuivRU,MEDIUM,32.5,0.05,HUMAN,LOW,True,"self_transfers,circular_patterns",2,HIGH
A6usYx5SwQKB3t82sAq4j9aj1PFiUGgYYgHNDMmwZsSE,MEDIUM,32.5,0.05,HUMAN,LOW,True,"self_transfers,rapid_roundtrips",2,HIGH
fgetsFCecEjNcH3MrZoaPYsGS6V9D3qTDiqBscQiN6h,MEDIUM,32.5,0.05,HUMAN,LOW,True,"self_transfers,rapid_roundtrips",2,HIGH
9JFjcp7n1nmF3iji22bvsSjXMyXvhK2Z8GSjYAr9CJ9a,MEDIUM,32.5,0.05,HUMAN,LOW,True,"self_transfers,rapid_roundtrips",2,HIGH
4CWZKEZdiLtMd7dvrcWwnzCMKV4jvQujVd5qfd2jxdhU,MEDIUM,32.5,0.05,HUMAN,LOW,True,"self_transfers,rapid_roundtrips",2,HIGH
EmQiZmNVBR4YrFhvDnDa5RRcybycLXUUYYB5W7ouLUj9,MEDIUM,32.5,0.05,HUMAN,LOW,True,"self_transfers,rapid_roundtrips",2,HIGH
4gef3Fpz5APkgorsUC2x6ZgacPTyywAstBRxJZLsWu6B,MEDIUM,32.5,0.05,HUMAN,LOW,True,"self_transfers,rapid_roundtrips",2,HIGH
CiD5st64nE8ToiUBEKin2qqCput2w3g2em5E4NtkUN6j,MEDIUM,32.5,0.05,HUMAN,LOW,True,"self_transfers,rapid_roundtrips",2,HIGH
BjNJB3ffYnw29NMtBkPt5ZvmZto57DyeQWxJwYG9wg4y,MEDIUM,32.5,0.05,HUMAN,LOW,True,"self_transfers,rapid_roundtrips",2,HIGH
8hrdyHotF9K4v9X8k35mFeXZmr5SM5k5eJPnGDAQBNXJ,MEDIUM,32.5,0.05,HUMAN,LOW,True,"self_transfers,rapid_roundtrips",2,HIGH
7PbqUNj8gSRm1EABQwzkz6i9nYmTPFYuSQJevM7ZstoW,MEDIUM,32.5,0.05,HUMAN,LOW,True,"self_transfers,rapid_roundtrips",2,HIGH
BMtAR91SXfTPStyFrro6JrwYx7tozjq24fFdBiXWfeoZ,MEDIUM,32.5,0.05,HUMAN,LOW,True,"self_transfers,rapid_roundtrips",2,HIGH
CY3BKJftYdw79xo9xvgC7t6tpQYHuXQdvXgNtRJgqyaG,MEDIUM,30.5,0.31,HUMAN,LOW,True,circular_patterns,1,HIGH
3v1FF4Xh9tzHmPvmxU1xRbvkLeH2iNhbRJj4mmMnu5Qv,MEDIUM,30.5,0.31,HUMAN,LOW,True,self_transfers,1,HIGH
AiJFTE1goUfFmWJ4RSgoTFR3VoeCUuYbvhvRwEBS8HvX,MEDIUM,30.0,0.0,UNKNOWN,N/A,True,"self_transfers,volume_concentration",2,HIGH
7bd9e5wH9DMhfeq76p2D21m2akySxejBZND6XMdWbDfF,MEDIUM,29.5,0.29,HUMAN,LOW,True,circular_patterns,1,HIGH
HPWPWhbcrKqLza92urVsjCaZDQXe4kQoyWSDivXKvCud,MEDIUM,25.5,0.21000000000000002,HUMAN,LOW,True,self_transfers,1,HIGH
8aWSgTrHJCabNTsNqnWGZGsDguVVznvfobtM1YngbvL9,MEDIUM,25.5,0.21000000000000002,HUMAN,LOW,True,self_transfers,1,HIGH
D1yciX6N7M3aPHnpcrmPMyHbAeCoimtGJSydYGkJfYZp,MEDIUM,25.5,0.21000000000000002,HUMAN,LOW,True,self_transfers,1,HIGH
Bqbbuf7z7EVY15Hq6NiT3HDWka4t8D6HUqkuZARScEmi,LOW,17.5,0.05,HUMAN,LOW,True,circular_patterns,1,HIGH
6UN9MpsJykwNPMUhjAp9RyP5Df6Lf6NieVjFtVBKtEGa,LOW,15.5,0.31,HUMAN,LOW,False,,0,LOW
B6cmPJdXBLYAuoiktmSD9vL2vfSZaQUPWki94S1KTwi2,LOW,15.0,0.0,UNKNOWN,N/A,True,self_transfers,1,HIGH
JAqPDTDkisEkZuNtQJpTVR3bSRpTF1kB6d7CxT9SBbXL,LOW,15.0,0.0,UNKNOWN,N/A,True,self_transfers,1,HIGH
CLQ9o33eyv19kC4HtuNWt2umcLagycyfjkBz6LkJVxRr,LOW,15.0,0.0,UNKNOWN,N/A,True,self_transfers,1,HIGH
FjbkYdYa2A7pWxSynAE6HvjnioKtpjBGue1epcAVvEqF,LOW,15.0,0.0,UNKNOWN,N/A,True,self_transfers,1,HIGH
BAm6ezFNTcctxQjkpwW7jhjLxBEVhRj69tg1BtZjDZxm,LOW,15.0,0.0,UNKNOWN,N/A,True,self_transfers,1,HIGH
D4Rdcnnez219tZFqyZGKUqfY9ix9habubSsf9coYmCze,LOW,15.0,0.0,UNKNOWN,N/A,True,self_transfers,1,HIGH
Fh28PbM1KwUC1rPk75o1M4DKrxNHeRCxF5gpLxku7PxJ,LOW,15.0,0.0,UNKNOWN,N/A,True,self_transfers,1,HIGH
3Kh7jtfy3PwGUBaeisnu2uECpq2szG8J6ygFcfnmbQ2v,LOW,15.0,0.0,UNKNOWN,N/A,True,self_transfers,1,HIGH
Ht61dM36KGiabr76625EdiRKskzCEsZhjFJ1XGmV65oS,LOW,15.0,0.0,UNKNOWN,N/A,True,self_transfers,1,HIGH
8fcXaDzPVeatroEyJCHXaZpZMaohmaH7vcvYCqvAfzHE,LOW,15.0,0.0,UNKNOWN,N/A,True,self_transfers,1,HIGH
F4uYdTwFV24c5YRfHKBvNt8Vj9YnE3GWt1DYjozFfAHu,LOW,15.0,0.0,UNKNOWN,N/A,True,self_transfers,1,HIGH
4R9QqhJcaXSVbRUoamj84jJyokFs8ZtjhLuggX51e5eP,LOW,15.0,0.0,UNKNOWN,N/A,True,self_transfers,1,HIGH
2bkiBNbdGWDuTZjiakUuiPfFjxK14C61SnkagaNRkhgM,LOW,15.0,0.0,UNKNOWN,N/A,True,self_transfers,1,HIGH
AgGidU2oGPRmBUWGs27YmnCBjYkLGg4sTEMMWeqcujXU,LOW,15.0,0.0,UNKNOWN,N/A,True,self_transfers,1,HIGH
AdaW7Pns1ah7cnf6RBxM2p9aZoSqmF6v3VJswwKaBQaG,LOW,15.0,0.0,UNKNOWN,N/A,True,self_transfers,1,HIGH
DAEEDxzqVfqGYpM7TD4Cya4Mzwie1ktgPQCcXKEaaB4g,LOW,15.0,0.0,UNKNOWN,N/A,True,self_transfers,1,HIGH
4bwnH63RSzPDDF3v4EXa5MmQtHVJWLQvUQBvb2v1i8j1,LOW,15.0,0.0,UNKNOWN,N/A,True,self_transfers,1,HIGH
9nCvbTQVDPXffntGe4Xyjbu83zm8u1LmJdQoFHnSbhP5,LOW,15.0,0.0,UNKNOWN,N/A,True,self_transfers,1,HIGH
ABcPZXHDEgUFtANTJrKTjUN1qVtDamxhe77EzWxNm5vz,LOW,15.0,0.0,UNKNOWN,N/A,True,self_transfers,1,HIGH
AFzSueJJb8XNAuJvdQXC9NhGddxBCUL9xbkPJaxnXGXq,LOW,15.0,0.0,UNKNOWN,N/A,True,self_transfers,1,HIGH
36HsnRwQtmQfarfknpPyzZCXwJcwLb6otUSeyQLnQXfQ,LOW,15.0,0.0,UNKNOWN,N/A,True,self_transfers,1,HIGH
3EoywECbUHU7woSbdgRhravGeJYjV4k9isWhc5FY7H2q,LOW,15.0,0.0,UNKNOWN,N/A,True,self_transfers,1,HIGH
C55guwgpBpw76dKg5B6yRVd1XgGZQX1sq8s2ub5xCXEo,LOW,15.0,0.0,UNKNOWN,N/A,True,self_transfers,1,HIGH
8hgSKaqF1LJNEtAd1EGJAJL7pPcxntbtLJhD9iy7CQ4m,LOW,15.0,0.0,UNKNOWN,N/A,True,self_transfers,1,HIGH
EwH7ALZpWCknho4mqCRwXnwaNzrkfbWW62LYKZuy6caD,LOW,15.0,0.0,UNKNOWN,N/A,True,self_transfers,1,HIGH
6gogfT27m7fi4t6dLHoJinf1GMMTYXL5Zy1RwdpHtPuw,LOW,15.0,0.0,UNKNOWN,N/A,True,self_transfers,1,HIGH
ExDkRTS8m8yqPux87Xz76vaFV8QN4one8os3sG7DxT9j,LOW,15.0,0.0,UNKNOWN,N/A,True,self_transfers,1,HIGH
EyAYtwed7CaTh65ZfBZsUW3NwPdeKeXR81n9VDq5Aw8r,LOW,15.0,0.0,UNKNOWN,N/A,True,self_transfers,1,HIGH
FRQ8yoSYZNuGKukpaevD7eKBTDBEg7TVNEB4Dx3rkAGf,LOW,15.0,0.0,UNKNOWN,N/A,True,self_transfers,1,HIGH
eV6axChYpk9KH4Q95oFQsG2QTpVEdPKuL5RXivjp2NY,LOW,15.0,0.0,UNKNOWN,N/A,True,self_transfers,1,HIGH
FNALQ3ZweYqGwrTtRTzZCbZS5DxW2SuiaafmXmF86skM,LOW,15.0,0.0,UNKNOWN,N/A,True,self_transfers,1,HIGH
9bXzf7TUZBDNpYcGLFDrvqUaC7bFGJmBesteKB1YiuoM,LOW,15.0,0.0,UNKNOWN,N/A,True,self_transfers,1,HIGH
J6ejcEaHf7LiQFMUvAY5JeHoRoYNd8fPuPBMTS7gqzt5,LOW,15.0,0.0,UNKNOWN,N/A,True,self_transfers,1,HIGH
9USPqQn7MvgKJGpqibGXrygvQxCvioJAtapCXfnKiVLt,LOW,15.0,0.0,UNKNOWN,N/A,True,self_transfers,1,HIGH
CKCZ18MtMZFqeXnd2RLdH5tNLdzSXfgE6MdQtncY2s7m,LOW,15.0,0.0,UNKNOWN,N/A,True,self_transfers,1,HIGH
7ickPKKtgbVJTNKSCq1Jc9bXvammgD8CiUgPNx4jf8Ni,LOW,15.0,0.0,UNKNOWN,N/A,True,self_transfers,1,HIGH
6btWoMj6g6BHiSNHMbFaiPqWvuBzkUAjbiUG82uawBWW,LOW,15.0,0.0,UNKNOWN,N/A,True,self_transfers,1,HIGH
2BqQbaeibd66agLaK29X2nZCaQWw4Bq6mJXYLkCCpW4r,LOW,15.0,0.0,UNKNOWN,N/A,True,self_transfers,1,HIGH
4iMz7vzWMSnc1QdzmZhppfRgEvqpGcRxiohTQTfN6Y1m,LOW,15.0,0.0,UNKNOWN,N/A,True,self_transfers,1,HIGH
4PVwLmmnN4PnJ1KCpos92axmh27VuUj88KFoJuthvx9h,LOW,15.0,0.0,UNKNOWN,N/A,True,circular_patterns,1,HIGH
FGin6DQymVdhGGuP7RzHoUUqgzBxUznobeWA5UvzgqyE,LOW,15.0,0.0,UNKNOWN,N/A,True,circular_patterns,1,HIGH
EF2Xys7UfEwtpw4au68pBjaC23gKbEqr6RcJACqbtnmR,LOW,15.0,0.0,UNKNOWN,N/A,True,self_transfers,1,HIGH
E2kUYaSXFFsKmQge4PkJMhaibCYuhDaTx9DxXxQAV2TY,LOW,15.0,0.0,UNKNOWN,N/A,True,self_transfers,1,HIGH
79Ti34QB9qDZiknxneG2qQk6Wbmogkx7KuP3fHjqhLL2,LOW,15.0,0.0,UNKNOWN,N/A,True,self_transfers,1,HIGH
ACiboaM3QXR5TcUHT1XG4G172DcfNmDLeBu6kDf1dV3m,LOW,15.0,0.0,UNKNOWN,N/A,True,self_transfers,1,HIGH
7wtek56dy6FmzjRKrYUJLmVWqUuM23dNs3sE15svgnAw,LOW,15.0,0.0,UNKNOWN,N/A,True,self_transfers,1,HIGH
DvEFf4wQkYEZD6dDhgWatYctDtLHmpwXjGVskvTJ3s8o,LOW,15.0,0.0,UNKNOWN,N/A,True,circular_patterns,1,HIGH
8kZ5Juchu2TJsgUtoSCNnjR2dZgdX7xNuyzT62ckrBAQ,LOW,15.0,0.0,UNKNOWN,N/A,True,self_transfers,1,HIGH
FAfzx8RQeNGbzCcX7ReZA6BQkSk4bv5RMcgwegxJX7nt,LOW,15.0,0.0,UNKNOWN,N/A,True,self_transfers,1,HIGH
DJdc2Xjh5ZwyP65ERMFG6taLnGibaD8NdJNEj5Fv8VY,LOW,15.0,0.0,UNKNOWN,N/A,True,self_transfers,1,HIGH
FwDjDcDW8vy4WqfsBcDdhsNRhVsX9eQQZsK6KZcQyjfF,LOW,15.0,0.0,UNKNOWN,N/A,True,self_transfers,1,HIGH
57YPkQW3kpM5CxMsRV4nm9jZ6bF9WpBU2hmpmd1mo3rQ,LOW,15.0,0.0,UNKNOWN,N/A,True,self_transfers,1,HIGH
FgRXNDAN9ufDU6Y2HWYMQtG2n7hKGEqxEkZv4Q4pDD1V,LOW,15.0,0.0,UNKNOWN,N/A,True,self_transfers,1,HIGH
AP3r27qqeeJGZqe7i85r9G8xpFXZZyN9znxjhDW1K5Fu,LOW,15.0,0.0,UNKNOWN,N/A,True,self_transfers,1,HIGH
DaomRQob2yiJ8AbybXBmHATQUqaBfX6BiVWff5CTortT,LOW,15.0,0.0,UNKNOWN,N/A,True,self_transfers,1,HIGH
5RC7ECZWnWLCKDH1RM8WofBzynsRbD2Ss1rU92anTRjH,LOW,15.0,0.0,UNKNOWN,N/A,True,self_transfers,1,HIGH
EUhU5AmDk5MQUYdYvpRanYK3UstP6EU5faBQ1bMYQvW3,LOW,15.0,0.0,UNKNOWN,N/A,True,self_transfers,1,HIGH
DuFymTE2D5xGKnSx9dKRAjbVzGpLXkgtKWCbz1BJCZyK,LOW,15.0,0.0,UNKNOWN,N/A,True,self_transfers,1,HIGH
6Tf2kurv7diJqxWeH3VLFMeor1WEhS5e4YbjSfXQ4Laz,LOW,15.0,0.0,UNKNOWN,N/A,True,self_transfers,1,HIGH
ChWDTiXWGUuejX4aSsnhuhvZaDf5kkNMVNNtxgJH7kSt,LOW,15.0,0.0,UNKNOWN,N/A,True,self_transfers,1,HIGH
AyixjjXxvGqYJUS1htLaF1NrPSeTGvk46pp23CwESVti,LOW,15.0,0.0,UNKNOWN,N/A,True,self_transfers,1,HIGH
JAzifKDMa9FskphETov4MGCZYYcGYGuD18ULvU7j7nyQ,LOW,15.0,0.0,UNKNOWN,N/A,True,self_transfers,1,HIGH
3bv6VjTpPDkZhYXEqU7TnQCYzhKEg5R9BS7L9dAu3Byy,LOW,15.0,0.0,UNKNOWN,N/A,True,self_transfers,1,HIGH
5NBapYEPedGa3NcsVh4GnS3Zh55TL7EBJ6pEe42RXhL7,LOW,15.0,0.0,UNKNOWN,N/A,True,self_transfers,1,HIGH
D5UCvU18H2BftJnUrQGfnzn1WGAbSUzzYJqU61TePKNU,LOW,15.0,0.0,UNKNOWN,N/A,True,self_transfers,1,HIGH
9H5r8SP2JbVsGgtHhuGT65La7FPB8mDYianRn1uGKcsm,LOW,15.0,0.0,UNKNOWN,N/A,True,self_transfers,1,HIGH
3dPPhKd5VRreGnYtSj8tucTyVAnrwQxHA69pk6wHmw2X,LOW,15.0,0.0,UNKNOWN,N/A,True,self_transfers,1,HIGH
CH35NTZtwpFeFNUKW15RpEMqVaTqkucYN8gcYK25etX2,LOW,15.0,0.0,UNKNOWN,N/A,True,self_transfers,1,HIGH
CKKn5PWHuSTi1PEHCtkw8ZtTi1whtBQ2mGHraUH4AVAb,LOW,15.0,0.0,UNKNOWN,N/A,True,self_transfers,1,HIGH
A9xEvEA5TEpQLR4BQjhz8ffLThGZTKYk5c359CVVSxuY,LOW,15.0,0.0,UNKNOWN,N/A,True,self_transfers,1,HIGH
5VMhPvv42cRGi7MjXzn5dRseGxp5U5Lw8vKyGXR5pizA,LOW,15.0,0.0,UNKNOWN,N/A,True,self_transfers,1,HIGH
3G1XQZqWcn9rog4bdDfWYVDhj6DXyhrNf6n2kD9sELxG,LOW,15.0,0.0,UNKNOWN,N/A,True,self_transfers,1,HIGH
3EBPHB7NVRC7pCf1UC6thn4HA8dqAPTUoBccdPoVTTvT,LOW,15.0,0.0,UNKNOWN,N/A,True,self_transfers,1,HIGH
9E8c9WFBZzvcupPbqgdL9k24MkLZVX2Xqqu4Dbxcub4X,LOW,15.0,0.0,UNKNOWN,N/A,True,self_transfers,1,HIGH
FsQGLfRHpMzUYqdgwqnMMUqTDMhnvo9EbXZyPCdCGocX,LOW,15.0,0.0,UNKNOWN,N/A,True,self_transfers,1,HIGH
BXz2CSU9pGk5V7CVBk7dXU6mzRG2vYXyYfJghH7D23NY,LOW,15.0,0.0,UNKNOWN,N/A,True,self_transfers,1,HIGH
BqZ1pfYhBe26nfYwAVnngfYSBHoE7y8FaUrvPAKsp7PG,LOW,15.0,0.0,UNKNOWN,N/A,True,self_transfers,1,HIGH
C1YMj2hUBp3TDofx7cCCxP3ngbHrJoe4JegYyzJee43g,LOW,15.0,0.0,UNKNOWN,N/A,True,self_transfers,1,HIGH
G9wEmF33ktADeap5bJc9DdwTdtYCWv2qBawJLgMXmQer,LOW,15.0,0.0,UNKNOWN,N/A,True,self_transfers,1,HIGH
5raEB8hvmeS6seHYkTaCcW9J7DmKk4MfyptWYS8CukqF,LOW,15.0,0.0,UNKNOWN,N/A,True,self_transfers,1,HIGH
2MUA65thMYxivZdA2XfZHh2JgRnifpJLbaB8j1cfBo6b,LOW,15.0,0.0,UNKNOWN,N/A,True,self_transfers,1,HIGH
2X3qW5tR5q4FP62q8E5fRHEJjDeWeBDnbyrRPWXbadDw,LOW,15.0,0.0,UNKNOWN,N/A,True,self_transfers,1,HIGH
Rmu4PiGhCHDHbDXd9dvzMXABajY6WTdMmHkGwsYDueH,LOW,15.0,0.0,UNKNOWN,N/A,True,self_transfers,1,HIGH
Cu4QHmgEjjLQkwUF8si5r9wHhCaHU19QSadtQxaGCgvq,LOW,15.0,0.0,UNKNOWN,N/A,True,self_transfers,1,HIGH
FcCQV7Wb9k31yErJipV6aZtK6jVaUxbbA1oYyY2cULJx,LOW,15.0,0.0,UNKNOWN,N/A,True,self_transfers,1,HIGH
2RbnPyxcECZQyPs1dEm5nS9Cdp6BfzabnJ8nzoPq742G,LOW,15.0,0.0,UNKNOWN,N/A,True,self_transfers,1,HIGH
36A8oTMSGnwQyDEK1o1qddsbPha1YSMf18mCtG4o7VKi,LOW,15.0,0.0,UNKNOWN,N/A,True,self_transfers,1,HIGH
DZbgjwdDetuUyP2t7gNifs1FRFnyNjtgLvjXGpSwaLc,LOW,15.0,0.0,UNKNOWN,N/A,True,self_transfers,1,HIGH
HGwS7yrti63oby5gsNu3AzLfzygDoZn3aDYCGcK2aD7k,LOW,15.0,0.0,UNKNOWN,N/A,True,self_transfers,1,HIGH
4Bp4SaBeVsdD6UCSifpBfmmmhPjZGG9ounnCLdeRYjJq,LOW,15.0,0.0,UNKNOWN,N/A,True,self_transfers,1,HIGH
AD72wkB81dpPPjqaMKex4raarsyr9ou6DxXnmNj1sVFF,LOW,15.0,0.0,UNKNOWN,N/A,True,self_transfers,1,HIGH
ELQuPiD2c4Di4wEEzuHEA4HfNenzpyy1EcxptkWVepXb,LOW,15.0,0.0,UNKNOWN,N/A,True,self_transfers,1,HIGH
4D7exWGw8MBzZzxKDwDFFrrzbJAoh1Z8e8iY8MwrXLvD,LOW,15.0,0.0,UNKNOWN,N/A,True,self_transfers,1,HIGH
7XbdY6Pafx87xG2R1xHT67bkUWX3LvVX88v8BB4ks4ix,LOW,15.0,0.0,UNKNOWN,N/A,True,self_transfers,1,HIGH
8XFbxUGNQ21hdpuHsMAXjMH5TdwjZcgLSbV5gziPYohs,LOW,15.0,0.0,UNKNOWN,N/A,True,self_transfers,1,HIGH
2TVkWb1V3f4J6ikqoJuZf1whqApTHZ4VsNrSsm9ejDSc,LOW,15.0,0.0,UNKNOWN,N/A,True,self_transfers,1,HIGH
D7yqhb2mAfcmaw5eahy5ixozDPvknGwR8zYKPVX6TWhM,LOW,15.0,0.0,UNKNOWN,N/A,True,self_transfers,1,HIGH
73C1yYA7weXsVvGUsxitmNYeWuJPChKfJ2D8mamxi9Km,LOW,15.0,0.0,UNKNOWN,N/A,True,self_transfers,1,HIGH
J1F1fskfSzK6UQPeKhzeiaADWBoFGAVZDNSKKLhFpY1J,LOW,15.0,0.0,UNKNOWN,N/A,True,self_transfers,1,HIGH
BkD1RRizKY8CcVGSYDVeHtwppT8PznPzfnL3ZJq5YMq5,LOW,15.0,0.0,UNKNOWN,N/A,True,self_transfers,1,HIGH
2B4b7xoFZdmWmwZAwSKQUtG5fk5vuKbQP8BTEXqBogB7,LOW,15.0,0.0,UNKNOWN,N/A,True,self_transfers,1,HIGH
DofjdZ8enKXqtWerXUdRTktvfbvgZzB73YGkCjXzfccD,LOW,15.0,0.0,UNKNOWN,N/A,True,self_transfers,1,HIGH
A4ANCWZpE1fc84QVEkUNUh8nqfWUns3TeVrgv4cxvLQz,LOW,15.0,0.0,UNKNOWN,N/A,True,self_transfers,1,HIGH
HgqKRxrCeQyhbq3qENkGUX5E3gNGd9tCmdKEmVBRW7Vo,LOW,15.0,0.0,UNKNOWN,N/A,True,self_transfers,1,HIGH
9ny7ZZJmKCQJoKsBkLpGrqhrzoaiu1qmJZwdzJ8WhJyF,LOW,15.0,0.0,UNKNOWN,N/A,True,self_transfers,1,HIGH
5WrwraeYWTJqfitZvg3rzEMf1A1DtsXnArkU9zQVtX7C,LOW,15.0,0.0,UNKNOWN,N/A,True,self_transfers,1,HIGH
6DRdLBXr23HUmpaZ3nWshk8atfJLQNJ5xordnA9hbQDL,LOW,15.0,0.0,UNKNOWN,N/A,True,self_transfers,1,HIGH
66NoVsEfR1dsESfNbDnt8SJ9MceVACSjMYdr8P72txPj,LOW,15.0,0.0,UNKNOWN,N/A,True,self_transfers,1,HIGH
3aNm4JnvC3EKMjTyhPg8s5QgfZ7zabXkkFVpoQBUzZJA,LOW,15.0,0.0,UNKNOWN,N/A,True,self_transfers,1,HIGH
5MRH4PcAsfG3NR93JX3K9HzURrLfypSQzRBqFd7mxVDi,LOW,15.0,0.0,UNKNOWN,N/A,True,self_transfers,1,HIGH
GCmWzzRANNhiRzZUS9d3Q12AF1yHmQT1SZw6cc7CYXP3,LOW,15.0,0.0,UNKNOWN,N/A,True,self_transfers,1,HIGH
AKfHnK5xwyc7g7BSeFoQJXVyTEtZ9wwWTpw1aDEW1QLP,LOW,15.0,0.0,UNKNOWN,N/A,True,self_transfers,1,HIGH
65Ftasx4S5uNdhUzUkzRttWNwKuGJTkZTkwVqgHHvsKE,LOW,15.0,0.0,UNKNOWN,N/A,True,self_transfers,1,HIGH
CeFow2Vtx5oSkTChPstfTCPyd7hCmp8rTWhotCw2Przu,LOW,15.0,0.0,UNKNOWN,N/A,True,self_transfers,1,HIGH
Bw6kHg1vMKjQP5enG8YHJipZUQNLyzpMGTgeRQJ2Z3a6,LOW,15.0,0.0,UNKNOWN,N/A,True,circular_patterns,1,HIGH
B49fMsvaiZdhTDJYMSTDYJDss8YZrAHbCEeVCKD3Cm5k,LOW,15.0,0.0,UNKNOWN,N/A,True,self_transfers,1,HIGH
4ypUhU4JDHpf71dLcSRbRndZazzUbCKMZ6cFoNjzYgao,LOW,15.0,0.0,UNKNOWN,N/A,True,self_transfers,1,HIGH
9aNvKyAqexkooH4UY66KuB5boGoTd2c261sEMv9b5rVW,LOW,15.0,0.0,UNKNOWN,N/A,True,self_transfers,1,HIGH
EKMTHQJ9hCLkCFSueY1RHvzFwLGA3pCuMYgsCsWhT9w4,LOW,15.0,0.0,UNKNOWN,N/A,True,self_transfers,1,HIGH
FdnjExssVUgHvEPGxrRPfPt3F5pFM4j99um8MFnfgN2e,LOW,15.0,0.0,UNKNOWN,N/A,True,self_transfers,1,HIGH
8hJ53ri7sPeMhKG7RyrivkiKgdotoEHKgFp8fKVA9frp,LOW,15.0,0.0,UNKNOWN,N/A,True,self_transfers,1,HIGH
aqZaweeMvDrKNDm5DjQd3jk9z72YYmagNhGRQankYhT,LOW,15.0,0.0,UNKNOWN,N/A,True,self_transfers,1,HIGH
73A4AapjDRYm3B6f6eaqKM1vSRDriPUDfw9NwAMz4PGk,LOW,15.0,0.0,UNKNOWN,N/A,True,self_transfers,1,HIGH
BxHjABQ7JWutXEWar6mxKHcwZpjqgGwcyZtcbyr7MUeC,LOW,15.0,0.0,UNKNOWN,N/A,True,self_transfers,1,HIGH
AcASfVm4va1huiJ6Gk7ytzQXNawaFR8CutxXgbrkYzfF,LOW,15.0,0.0,UNKNOWN,N/A,True,self_transfers,1,HIGH
BYazECAWYfXXMbTMUQgfDrRDvzmf7VSPwc9MjDNbF9rU,LOW,15.0,0.0,UNKNOWN,N/A,True,self_transfers,1,HIGH
BPr3QCPNCDVoXPJc4m49cpvxFnDFae4hudDr49RhoSCX,LOW,15.0,0.0,UNKNOWN,N/A,True,self_transfers,1,HIGH
2u632TiNrNg5zJMsy297wUbD2e94uZgZ42Y4NxvYUaCL,LOW,15.0,0.0,UNKNOWN,N/A,True,self_transfers,1,HIGH
AXDyYwpro3sbfMi2PfbN2LpbddXaDRBMJtNCkMnqZwo6,LOW,15.0,0.0,UNKNOWN,N/A,True,self_transfers,1,HIGH
9q6SUGpJ4cshmJatK3Piqu8sTdP4sAHtPkdqrCEmC8oA,LOW,15.0,0.0,UNKNOWN,N/A,True,self_transfers,1,HIGH
2aamzjv265uHG22JoXFW5pqJMrPxn4KtCfu7FwPnAwjp,LOW,15.0,0.0,UNKNOWN,N/A,True,self_transfers,1,HIGH
Bp3kLNrQkZu3jtqmogct1bbuH1Lrj5yG4r8rYDynGHvK,LOW,15.0,0.0,UNKNOWN,N/A,True,self_transfers,1,HIGH
4PuHWXVwvNTWeeFRaKk7SLaBe7VHFKjWJEA1jLVhDFML,LOW,15.0,0.0,UNKNOWN,N/A,True,self_transfers,1,HIGH
4rbjJxPzmmJt8njwJnZ6dp285oCaSjy3kp4JLNNuMryR,LOW,15.0,0.0,UNKNOWN,N/A,True,self_transfers,1,HIGH
CXYWTgJ5y5xBcn9FvKUA9PNNfS1DXpFHP344mbWRqHEg,LOW,15.0,0.0,UNKNOWN,N/A,True,self_transfers,1,HIGH
8ZjPsqgSY1N9T91tNbQ689ygjevr2z4e7xHmEBYtWS6,LOW,15.0,0.0,UNKNOWN,N/A,True,self_transfers,1,HIGH
BZ4QU2KZkAq4aRnN1Y1MHfKLcaWWHjioE3CUV49rhuMr,LOW,15.0,0.0,UNKNOWN,N/A,True,self_transfers,1,HIGH
9sto8bBMH7Lo975dqTrpe3DEXTWpiYkV8QwLDJe7mgYu,LOW,15.0,0.0,UNKNOWN,N/A,True,self_transfers,1,HIGH
DLsxezvg4bwmmiDaqHPdEuikGJuW1GJ5bAdsN4nuPDPs,LOW,15.0,0.0,UNKNOWN,N/A,True,self_transfers,1,HIGH
ECSCXrM39H8Qn87UBxYGNC6kuSW8NkJYfmFGesQSSWWs,LOW,15.0,0.0,UNKNOWN,N/A,True,self_transfers,1,HIGH
95NLAvhEraqJnmJdhu2yvBmKcBMm2JztbRdDvGjMTX6X,LOW,15.0,0.0,UNKNOWN,N/A,True,self_transfers,1,HIGH
H4JUToXU6N8HGoJtGdHH4JpndQwQQm43x8bauUpBX3gv,LOW,15.0,0.0,UNKNOWN,N/A,True,self_transfers,1,HIGH
22Py869xRydHxpmP7jkPdb37woMWWG69FvyBGmmVCk34,LOW,15.0,0.0,UNKNOWN,N/A,True,self_transfers,1,HIGH
AJnp6Dwj8od32V9oDMJmdbBPdE2hbfjgPGCUtmK5cAjz,LOW,15.0,0.0,UNKNOWN,N/A,True,self_transfers,1,HIGH
CtoCXrjjkPG48r8KEtqnYzbP1WKvKxrtc3fCUmCMPCjt,LOW,15.0,0.0,UNKNOWN,N/A,True,self_transfers,1,HIGH
CZY5JDRhj7QawseFpiBpjx28Nare8dU6x6GZAwsSZgKL,LOW,15.0,0.0,UNKNOWN,N/A,True,self_transfers,1,HIGH
46YiUbZJJDMxbjj9NqFP4wNCvRDxr7KDmtZM7QXSULL2,LOW,15.0,0.0,UNKNOWN,N/A,True,self_transfers,1,HIGH
57J8jpwk7mLBftugpyBEN5xhewb4NEUGYULgsKDTFFUb,LOW,15.0,0.0,UNKNOWN,N/A,True,self_transfers,1,HIGH
EUAcKF8K6d5p2zAtS48scbgTiDCUrp8k2LjajJGdbxn7,LOW,15.0,0.0,UNKNOWN,N/A,True,self_transfers,1,HIGH
HiARYUeLvnfvqABqUGrwfe6vm34NeHH4BLHn13Jahe4Y,LOW,15.0,0.0,UNKNOWN,N/A,True,self_transfers,1,HIGH
BRCP7VcqiV8LvBFFqkTzdLKxd2PeuTHDZHWyh5DmZh2k,LOW,15.0,0.0,UNKNOWN,N/A,True,self_transfers,1,HIGH
GoADNpT7PrmjEW9iyXEPu6qmytv2GgzUaDiRyct5mnPt,LOW,15.0,0.0,UNKNOWN,N/A,True,self_transfers,1,HIGH
9sCRxRBvxyJnd63BPeCVx9VFymboHL5QSHAon1jAC2GV,LOW,15.0,0.0,UNKNOWN,N/A,True,self_transfers,1,HIGH
hWFUYQNdvNosS8ZAWivN8DeRdWStBpMoaB22uVVJVL6,LOW,15.0,0.0,UNKNOWN,N/A,True,self_transfers,1,HIGH
BDqvFoZC4FQqDMQpU8bBtWZqemUvyfvprepxLdyMC4fC,LOW,15.0,0.0,UNKNOWN,N/A,True,self_transfers,1,HIGH
FLC3Yu2rgvPy7KHX2K84cdFHX5xGBH4Qnpz4a8ZBj6FA,LOW,15.0,0.0,UNKNOWN,N/A,True,self_transfers,1,HIGH
4zYT9LADZsC3jsq2cAP6AmrAr8nTkvgX4X4i6g7GCkn4,LOW,15.0,0.0,UNKNOWN,N/A,True,self_transfers,1,HIGH
EHh4VmWgqK58mVCi8fVqVKECmLAZWs7XkM8kVVW3rxUs,LOW,15.0,0.0,UNKNOWN,N/A,True,self_transfers,1,HIGH
GL2J6iWZQhz7irWMGJHh9oKyENJT5bieyxAEFcC5PF9z,LOW,15.0,0.0,UNKNOWN,N/A,True,self_transfers,1,HIGH
4q4WzmVhEq3hkri8vLDrqQwvCMz5yxCgG7TNetgq7xLM,LOW,15.0,0.0,UNKNOWN,N/A,True,self_transfers,1,HIGH
H5bwhB6hHhrazppPVmuV5j7VpSm3MYg2wgiCNTjMM5k8,LOW,15.0,0.0,UNKNOWN,N/A,True,self_transfers,1,HIGH
CW73m6xAXF119GBcTiXwpFAgh8GAemxU66y3VFJ1Z2Lu,LOW,15.0,0.0,UNKNOWN,N/A,True,self_transfers,1,HIGH
7KzvXtm3Qbjietk5bPT2Tg7s3hFsAios59FmvwBPVxAs,LOW,15.0,0.0,UNKNOWN,N/A,True,self_transfers,1,HIGH
H3bhFfGXTeLArALTxzJXdMGxcQRaQmZMb8YCsdpnbGaE,LOW,15.0,0.0,UNKNOWN,N/A,True,self_transfers,1,HIGH
82pGUYf3LgY1CLksGUchhYKCXmGUMLV7CKCkL95T1sVh,LOW,15.0,0.0,UNKNOWN,N/A,True,self_transfers,1,HIGH
CbKQdTBMLmZ1f2xkUi8kxjPM4X8Eu1edCJuSV9jJC5ez,LOW,15.0,0.0,UNKNOWN,N/A,True,self_transfers,1,HIGH
dE8mZMmNXdbJVRz8pNPMMebGCCdEJZVNrgH5Xh4eFTn,LOW,15.0,0.0,UNKNOWN,N/A,True,self_transfers,1,HIGH
FiunqUGPeKqLsKCWq7FEztycnS2S6oCykGvTdDFSJB4Z,LOW,15.0,0.0,UNKNOWN,N/A,True,self_transfers,1,HIGH
67N28q7R9oPkeAnEFzcq8fYWvG1GLPZRQzfKEHYyEVpC,LOW,15.0,0.0,UNKNOWN,N/A,True,self_transfers,1,HIGH
EdQhS4LPQHgGyNaCuYf6u1HBETTLA3us4VA3kvjBz4Sp,LOW,15.0,0.0,UNKNOWN,N/A,True,self_transfers,1,HIGH
arqdU6Z5ntsnYqtdAq5XR9qjdbkRbdMk19FBmBCUifV,LOW,15.0,0.0,UNKNOWN,N/A,True,self_transfers,1,HIGH
GSzE5defBQEtqStuV9ehHMLJrig3BeMnMvwwFEpHbLzV,LOW,15.0,0.0,UNKNOWN,N/A,True,self_transfers,1,HIGH
DwbRjWHe3ohoaNyxmLc114EoUXHkWjtrxpZLuukERvsp,LOW,15.0,0.0,UNKNOWN,N/A,True,self_transfers,1,HIGH
6uV5F5yuiCEoT3RC4bB58crJnDDZXhSaKTbYorAoQiup,LOW,15.0,0.0,UNKNOWN,N/A,True,self_transfers,1,HIGH
EDVGhTsvoodaFZkQbL9EWabdErnQaahZaqEKBjYsSJHt,LOW,15.0,0.0,UNKNOWN,N/A,True,self_transfers,1,HIGH
6GCxiD74f9S4URKLps8oHVCxuv3C9pzMdLG5nCmg5tPP,LOW,15.0,0.0,UNKNOWN,N/A,True,circular_patterns,1,HIGH
HuVRpB35EW19bZzhb8NrzJynvu8j2sez1VByr4Qoe5r7,LOW,15.0,0.0,UNKNOWN,N/A,True,self_transfers,1,HIGH
CBHDz5ttxnVnsjBy9R9vz5pGjHQKbNsRHo1VJ1Xr4XTy,LOW,15.0,0.0,UNKNOWN,N/A,True,self_transfers,1,HIGH
ywkw4mRoLdbG3GDWC1qpSMhVff1Qdf8g3iF2CM9soU8,LOW,15.0,0.0,UNKNOWN,N/A,True,self_transfers,1,HIGH
GZYma6XRc2Af3k5sx72fTjjSqAioFVc45dUddg3iSeXR,LOW,15.0,0.0,UNKNOWN,N/A,True,self_transfers,1,HIGH
D6x7xvCJ3Ja9R6mRmQni1mjH2dGmyTeB5KB3KCcTZUnD,LOW,15.0,0.0,UNKNOWN,N/A,True,self_transfers,1,HIGH
6z4jCLKDcanYnb4VoTq1JjbkVRxmHPXWedPxHqZKim9a,LOW,15.0,0.0,UNKNOWN,N/A,True,self_transfers,1,HIGH
EDXKbEvDMNSDp2jRFiezaVEsaZfppMJiq4wsYeGb7G6F,LOW,15.0,0.0,UNKNOWN,N/A,True,self_transfers,1,HIGH
8qzZmJyZadbueRv8q8LRCiBLsBmWAhJC4wrKckETgn9Q,LOW,15.0,0.0,UNKNOWN,N/A,True,self_transfers,1,HIGH
J8uUan3CmcWqgexdBcPz4repUkehyNa1gJJWhk2A37TT,LOW,15.0,0.0,UNKNOWN,N/A,True,self_transfers,1,HIGH
CQES1a6YBuLVgL9wsz65r5RQ8FBZwMmS8vtxd5gkdrEH,LOW,15.0,0.0,UNKNOWN,N/A,True,self_transfers,1,HIGH
CV4SiMpNwEhxr2obLFGUj5bzddiXp3RPGTCSHXsPKNfH,LOW,15.0,0.0,UNKNOWN,N/A,True,self_transfers,1,HIGH
Fb7YFC5BJQZxCGV9dKP5hnCCRiBKtTEyibDA6WCtNGQ4,LOW,15.0,0.0,UNKNOWN,N/A,True,self_transfers,1,HIGH
DGKHWnojptMMYw2JMoPPw7s3B7fm87JWqg6Za86S1wBu,LOW,15.0,0.0,UNKNOWN,N/A,True,self_transfers,1,HIGH
5BwPGeSqGmWse7QwvNSwhJ9wvPzZqo92tznSWsQX5w8Z,LOW,15.0,0.0,UNKNOWN,N/A,True,self_transfers,1,HIGH
CV8fu8FchURX6TB9jUqnETYrQcYb8QBi5prU2gPWkPdW,LOW,15.0,0.0,UNKNOWN,N/A,True,self_transfers,1,HIGH
924yfepZ51vbJbxx3hWNsbdTaHhfetHbPbhf9Z21L786,LOW,15.0,0.0,UNKNOWN,N/A,True,self_transfers,1,HIGH
8KZ3y3EGuRnNHG2m6MKFTm2kBFz3FgaBcsXN4WpbnKWf,LOW,15.0,0.0,UNKNOWN,N/A,True,self_transfers,1,HIGH
6x4bdnQBNSekftcYnpFieXAYcadVPpE61MpSrhYsCXys,LOW,15.0,0.0,UNKNOWN,N/A,True,self_transfers,1,HIGH
VqGoVN5YWf4A8mQ4JcHxMPLMAJDH55yHuijwRAMvsxC,LOW,15.0,0.0,UNKNOWN,N/A,True,self_transfers,1,HIGH
9DG8c3NNsmT5zbg14WN6QVRGhX87huvcVN4b4EgdchT2,LOW,15.0,0.0,UNKNOWN,N/A,True,circular_patterns,1,HIGH
7WrkTHt2HyfP1YsE6HruUEjPkJ5b8kDAU57XMogV9jyp,LOW,15.0,0.0,UNKNOWN,N/A,True,self_transfers,1,HIGH
7143tQKQGZzmuxCBZUMPgHm1qhAFFow8Tz4krgacJVPF,LOW,15.0,0.0,UNKNOWN,N/A,True,self_transfers,1,HIGH
8EejVxFGKV16W5WBk7kYo83aEuxk5e7qCtrRwPewXqhX,LOW,15.0,0.0,UNKNOWN,N/A,True,self_transfers,1,HIGH
8gSPiY95HL4F8bKnxuhep9aytgs3KjUEYmqQHyiG3qGY,LOW,15.0,0.0,UNKNOWN,N/A,True,self_transfers,1,HIGH
BJj2YZ91oYPakkrgyZAw5wQYq5Jf3XMxTPEHtNg6vpZk,LOW,15.0,0.0,UNKNOWN,N/A,True,self_transfers,1,HIGH
3PzeAT6Sh8hsFaNQt1r3WK8UEiQsazhX8HxoApBj8U1g,LOW,15.0,0.0,UNKNOWN,N/A,True,self_transfers,1,HIGH
71kmHMHypqDMfugEor1uFWueDhfkyocwUcqQWPDqdZ3B,LOW,15.0,0.0,UNKNOWN,N/A,True,self_transfers,1,HIGH
hFoA2w5EzL1kDY6B9ZgiFAYVRzNuVk8sXhvsr7gHXAM,LOW,15.0,0.0,UNKNOWN,N/A,True,self_transfers,1,HIGH
Emb3E1znE2q1p91h8JrfWweQgVDC362UuThZeRzq8Hmt,LOW,15.0,0.0,UNKNOWN,N/A,True,self_transfers,1,HIGH
3b9JAWqsid2yqb37LAP9rSDvjXgcFCHusDQVCUBGaQtR,LOW,15.0,0.0,UNKNOWN,N/A,True,self_transfers,1,HIGH
3MDbiwHdyFkCSxwWxFfpMMzynA7KNxzWtL837kqMMsiL,LOW,15.0,0.0,UNKNOWN,N/A,True,self_transfers,1,HIGH
885Jr4FE9t9zA6fWD6ueFM3TYdgQVWbzfT3mLysS8Zfw,LOW,15.0,0.0,UNKNOWN,N/A,True,self_transfers,1,HIGH
314mrMe9QPWCSiSnmjzJfNLeE5qk4WSAEeKecZFueNaY,LOW,15.0,0.0,UNKNOWN,N/A,True,self_transfers,1,HIGH
98cmyccjpHYdnfCjbmyoQTE8en4r6mfuRBvmQ2RVBh8a,LOW,15.0,0.0,UNKNOWN,N/A,True,self_transfers,1,HIGH
GqECR7VZ4PN78gQe4xzJVhdNbTpZsqyrU3mTShG1tdbt,LOW,15.0,0.0,UNKNOWN,N/A,True,self_transfers,1,HIGH
GRDkNj3yv5eLfLhmrAVeQSURMmeki8zvosoxSGQG1kV8,LOW,15.0,0.0,UNKNOWN,N/A,True,self_transfers,1,HIGH
BN5h5d3C1vwjZRJwg3V5nYUrXyyHT62M4eAXtNfsE3mf,LOW,15.0,0.0,UNKNOWN,N/A,True,self_transfers,1,HIGH
2SNhAr7D5dq8nrBVdVGubvmL4fDCM9NbWq9zAQqaSod9,LOW,15.0,0.0,UNKNOWN,N/A,True,self_transfers,1,HIGH
8Bu9VMaQLUQ45cnboJhHbHYkU1XWLGK3qfhkQKZsWxLV,LOW,15.0,0.0,UNKNOWN,N/A,True,self_transfers,1,HIGH
Fc68EVcFzxW2xmq9ux5Ew8H5oUk9FKf9Ht7Tcf7Ns2su,LOW,15.0,0.0,UNKNOWN,N/A,True,self_transfers,1,HIGH
FQHF3zr3rWzmCi9MSjXmvhkxbL3KMG92zzKr7o4sC4Yh,LOW,15.0,0.0,UNKNOWN,N/A,True,self_transfers,1,HIGH
BAAYHKgBBFg6cLzMF9RTbRMCdFCCCwnCmAGx3pVbmBHX,LOW,15.0,0.0,UNKNOWN,N/A,True,circular_patterns,1,HIGH
6SNx9vthY9kTfcPDDY1gLjaEhK8Rjat6vZVNKp5Uit9R,LOW,15.0,0.0,UNKNOWN,N/A,True,self_transfers,1,HIGH
Zcui8GXRciJQPF18YQC75BzgQ3dv6TGKiJcVHiyp69h,LOW,15.0,0.0,UNKNOWN,N/A,True,self_transfers,1,HIGH
98Hc6CtPiYK9qHjFp263LV2T4VDnaS8X1ZcNtJqVZRy9,LOW,15.0,0.0,UNKNOWN,N/A,True,self_transfers,1,HIGH
6N22VJrg9EBvRmvAKj7kphr93R3jCtCKEPv55UAVjAUL,LOW,15.0,0.0,UNKNOWN,N/A,True,self_transfers,1,HIGH
5XwboAKA8a9uhdcwN9ruiSxnhTQdiBgWXXJ5FE88Ggzs,LOW,15.0,0.0,UNKNOWN,N/A,True,self_transfers,1,HIGH
F7wzDiqXsdzjAUHW4UkXzGgCLNYZTVer636AYqTe7DVt,LOW,15.0,0.0,UNKNOWN,N/A,True,circular_patterns,1,HIGH
6oxgg4XmHRxgqk3mufP1D4dii524XKj2fNmBueaPTKp7,LOW,15.0,0.0,UNKNOWN,N/A,True,self_transfers,1,HIGH
8JwEkcuoF2Dx59aJEk37fV1XDWbDyzby6Ehy61xubxQ4,LOW,15.0,0.0,UNKNOWN,N/A,True,circular_patterns,1,HIGH
zGDDRvTR5Y38KaB3Gjk9oxFiMCocQx8cofxdKkyvx6q,LOW,15.0,0.0,UNKNOWN,N/A,True,self_transfers,1,HIGH
8zPqpLvQTCxZxkxqdR3QRUsahHYSbU8ucxBCve3jQiGv,LOW,15.0,0.0,UNKNOWN,N/A,True,self_transfers,1,HIGH
498EWqmvsp3NTg2oiQA1uP3awcagK921NCoJmDmSyKui,LOW,15.0,0.0,UNKNOWN,N/A,True,self_transfers,1,HIGH
2f3noKcomkBX2fVXTYiwUNW52oJCpXB8vT3muFVcVHRW,LOW,15.0,0.0,UNKNOWN,N/A,True,self_transfers,1,HIGH
D3f3JVLdzUzcp8hAi2fTKzWUMwBF7D718oDedvyzeDSY,LOW,15.0,0.0,UNKNOWN,N/A,True,self_transfers,1,HIGH
6VqRXKraJAZc9QovNGiAZZ7Bb2FANqqZzeMiEH6yY1bT,LOW,15.0,0.0,UNKNOWN,N/A,True,self_transfers,1,HIGH
AAZRX4vtnsfxLbPRfB1w2paVttMLvz9TKAYqBdn33F96,LOW,15.0,0.0,UNKNOWN,N/A,True,self_transfers,1,HIGH
AXxYiXmXBs7oHnY38A4ANSBQ3irT4gUG3KkM4mRF7abE,LOW,15.0,0.0,UNKNOWN,N/A,True,self_transfers,1,HIGH
3bUcPH3U4ryHghKkHesuiZ6YBxxgG7GfyEdaq5rLukkh,LOW,15.0,0.0,UNKNOWN,N/A,True,self_transfers,1,HIGH
AmRBeUW2UQB1gUryncKNXubYUik8GzmvVFnxdsNvscts,LOW,15.0,0.0,UNKNOWN,N/A,True,self_transfers,1,HIGH
29hUwySCcp3EVzxwn4UhzbJNiBD9i6B1kL2df7VAhYoJ,LOW,15.0,0.0,UNKNOWN,N/A,True,self_transfers,1,HIGH
GEgqoa15etLXnNE8Cc4x3G7tvnbPhNHG8VAGLDdVEehK,LOW,15.0,0.0,UNKNOWN,N/A,True,self_transfers,1,HIGH
CKL2v829tY9QtNd6EKbHkfnjhb16jN56UojHzP3yV57w,LOW,15.0,0.0,UNKNOWN,N/A,True,self_transfers,1,HIGH
8yGk9vLx7ET8rrTSN3ygxJHc2GRdtEgrvxWt7hnNzAyq,LOW,15.0,0.0,UNKNOWN,N/A,True,self_transfers,1,HIGH
DFouyRgGY6bHUDxMeCdp3C8iUCbLkrsnQzv5SLF3PVgY,LOW,14.499999999999998,0.29,HUMAN,LOW,False,,0,LOW
EzLjheETh7Ux63agZV5DJLmcW3fqFooUKArrTArXJXjP,LOW,10.500000000000002,0.21000000000000002,HUMAN,LOW,False,,0,LOW
DSczhLJZB9rNoJuEcAqUJCZwUKcAtogTFPMR9iZ5g2jH,LOW,2.5,0.05,HUMAN,LOW,False,,0,LOW
